{
  "autoPrefixer": null,
  "convertHtml": {
    "extension": ".html",
    "relativePaths": false
  },
  "customRuby": false,
  "customRubyPath": null,
  "customTodos": null,
  "debug": false,
  "domain": null,
  "followLeader": true,
  "ftpSettings": null,
  "gitHubPages": null,
  "ignoreDir": [
    "errors",
    "ignore",
    "doc"
  ],
  "lintScripts": false,
  "modelSource": null,
  "optimiseImages": true,
  "password": null,
  "preprocessorLocations": [
    "/"
  ],
  "preprocessorScriptOutput": "scripts",
  "preprocessorStyleOutput": "styles",
  "projectDescription": "KRK 2014 Subscribe landing page",
  "projectName": "PDKKI KRK 2015 Landing page",
  "publishedId": null,
  "remoteDebugPort": 0,
  "routes": null,
  "sass": null,
  "serverHostname": null,
  "serverPort": null,
  "simpleModeFileTypes": null,
  "simpleModePartnerServer": null,
  "sitemap": false,
  "templateDefaultLayout": "layout",
  "templateDefaultPage": "index",
  "templateDirectory": "templates",
  "type": "simple",
  "useCompass": false
}